vars,fi
buying,0.13506956
maint,0.11571845
doors,0.03378161
persons,0.36116862
lug_boot,0.08541411
safety,0.26884758
