vars,fi
a1,0.022919975
a2,0.013809695
a3,0.021390911
a4,0.039937332
a5,0.0
a6,0.03637427
a7,0.020460194
a8,0.021712957
a9,0.60600007
a10,0.103409454
a11,0.03348128
a12,0.016744688
a13,0.004183675
a14,0.02616451
a15,0.033410937
